名稱,網址
Steaks from fresh meat stock photo,https://media.istockphoto.com/photos/steaks-from-fresh-meat-picture-id981092168?k=6&m=981092168&s=612x612&w=0&h=jkWiCUuYwNbGEI-P8Ku5ARi0ImfoRAuSTyCQaobsk-Y=
Barbecue Rib Eye Steak or rump steak - Dry Aged Wagyu Entrecote Steak stock photo,https://media.istockphoto.com/photos/barbecue-rib-eye-steak-or-rump-steak-dry-aged-wagyu-entrecote-steak-picture-id1079920024?k=6&m=1079920024&s=612x612&w=0&h=xvVIiuJOcnVNmO2CwpN2Zcc7Pzef6MGo3s7cvBRwUz8=
Sirloin Steaks with Fresh Thyme stock photo,https://media.istockphoto.com/photos/sirloin-steaks-with-fresh-thyme-picture-id972852490?k=6&m=972852490&s=612x612&w=0&h=4XGgeXqPzKpCM1jHM8Gf6u-WDy_MgDU40Au_O1Yt3t0=
Grilled beef steaks with spices. stock photo,https://media.istockphoto.com/photos/grilled-beef-steaks-with-spices-picture-id1138471335?k=6&m=1138471335&s=612x612&w=0&h=NJNXRy_zw3hkl3rTHKrCYS4lqlpXlfnMGrSv1GBwN0g=
Grilled striploin steak stock photo,https://media.istockphoto.com/photos/grilled-striploin-steak-picture-id535786572?k=6&m=535786572&s=612x612&w=0&h=u2gbrJUC4lClKD8eZYwgh5C5TVxNtGwum7D0iiO_knM=
Grilling steaks on flaming grill and shot with selective focus stock photo,https://media.istockphoto.com/photos/grilling-steaks-on-flaming-grill-and-shot-with-selective-focus-picture-id594465522?k=6&m=594465522&s=612x612&w=0&h=8fBBoolaCNAnbA_828K0Q9-SIn4EJ576B-VOyYfNDJc=
Delicious sliced steak stock photo,https://media.istockphoto.com/photos/delicious-sliced-steak-picture-id1071657310?k=6&m=1071657310&s=612x612&w=0&h=iOqYn3QfzX8AVxyhXyhr0AG5cpqyFw9LeJTJf0qqz5g=
Grilled beef steaks stock photo,https://media.istockphoto.com/photos/grilled-beef-steaks-picture-id540233806?k=6&m=540233806&s=612x612&w=0&h=9y2uufwDYHT0f6oBzyCsFnyvEvzscdAEy6GRjrDY5Is=
Grilled beef fillet steak stock photo,https://media.istockphoto.com/photos/grilled-beef-fillet-steak-picture-id1145706576?k=6&m=1145706576&s=612x612&w=0&h=Sjp8g_Em_JBR2n7RPkpR4iYK5VVgQ8-K8OxTf60uhxI=
"Two grilled marbled beef steaks striploin with spices isolated on white background, top view stock photo",https://media.istockphoto.com/photos/two-grilled-marbled-beef-steaks-striploin-with-spices-isolated-on-picture-id1050993738?k=6&m=1050993738&s=612x612&w=0&h=U7gpMjraelll_vvokKHguzVHKB1lHuqew1uEWfuIXqM=
"Sliced steak ribeye, grilled with pepper, garlic, salt and thyme served on a wooden cutting Board on a dark stone background. Top view with copy space. Flat lay stock photo",https://media.istockphoto.com/photos/sliced-steak-ribeye-grilled-with-pepper-garlic-salt-and-thyme-served-picture-id1170324943?k=6&m=1170324943&s=612x612&w=0&h=szy8H3V9fYP-pFPiffah-8Uoab4wRDISe_XwW8esMjE=
Grilled beef steaks stock photo,https://media.istockphoto.com/photos/grilled-beef-steaks-picture-id882548344?k=6&m=882548344&s=612x612&w=0&h=bQ5ZlptD7rKZdjrvr7adBHXYVVS9p0iISvm1MTshXRU=
Grilled beef steaks stock photo,https://media.istockphoto.com/photos/grilled-beef-steaks-picture-id541851706?k=6&m=541851706&s=612x612&w=0&h=2198iMUqCPJKzGy9QfD_2V1ZsOUOBnd5RCT8qz8c298=
Beef steak stock photo,https://media.istockphoto.com/photos/beef-steak-picture-id500466008?k=6&m=500466008&s=612x612&w=0&h=T_n97omp8YzQYFikAOEbn8PgQ5I_ak8pSC5OVQWmM3Y=
Fresh raw beef steak stock photo,https://media.istockphoto.com/photos/fresh-raw-beef-steak-picture-id505207430?k=6&m=505207430&s=612x612&w=0&h=VZVUrMN_prda76rBG1Go9vRzhUkDh5S5QD61lsvvKCM=
Beef slices on fork stock photo,https://media.istockphoto.com/photos/beef-slices-on-fork-picture-id1139041068?k=6&m=1139041068&s=612x612&w=0&h=ANeW101fdKuans0mB5hkaRJw66EvJLhgpI-leo4K1Mc=
Variety of Raw Black Angus Prime meat steaks stock photo,https://media.istockphoto.com/photos/variety-of-raw-black-angus-prime-meat-steaks-picture-id923692030?k=6&m=923692030&s=612x612&w=0&h=l4zOisv1id7AbouEaOln3Wt_8k7bPGR8ILlNMoNsHxU=
Large Juicy Beef Rib Eye Steak on a Hot Grill with Charcoal and Flames stock photo,https://media.istockphoto.com/photos/large-juicy-beef-rib-eye-steak-on-a-hot-grill-with-charcoal-and-picture-id1092451104?k=6&m=1092451104&s=612x612&w=0&h=miSbm9_-fFoLpzzkYs9y8-e5GJf7-5HacB--d-Ckt4g=
Beef steaks on the grill stock photo,https://media.istockphoto.com/photos/beef-steaks-on-the-grill-picture-id531464366?k=6&m=531464366&s=612x612&w=0&h=C7wk2tZrUg8dQNkMBCgVmqxYKpbF33SJ8Z5Fm9dLuRo=
Ribeye Beef Steak Isolated on White stock photo,https://media.istockphoto.com/photos/ribeye-beef-steak-isolated-on-white-picture-id155380939?k=6&m=155380939&s=612x612&w=0&h=xP_UpzNujrTCgowNJ2L5jD-D9usbtjWwRT8j2vb45gQ=
"Raw piece of meat, beef ribs. The hand of a male chef puts salt and spices on a dark background. stock photo",https://media.istockphoto.com/photos/raw-piece-of-meat-beef-ribs-the-hand-of-a-male-chef-puts-salt-and-on-picture-id1130934658?k=6&m=1130934658&s=612x612&w=0&h=_qvgVBq2Px-6Hw53x_YYHFBa9xgJ3EvmCkZlf5TFbZ4=
Meat steak with lemon and sauce isolated on white background JS translation missing: stock_vector_art 893486240,https://media.istockphoto.com/vectors/meat-steak-with-lemon-and-sauce-isolated-on-white-background-vector-id893486240?k=6&m=893486240&s=612x612&w=0&h=q1roib4rzJTRw7NQWj72GeDMtFTstrxARdrJN6H_lk4=
Grilled juicy beef steak meat stock photo,https://media.istockphoto.com/photos/grilled-juicy-beef-steak-meat-picture-id1156250165?k=6&m=1156250165&s=612x612&w=0&h=ZAocrQq0f2lFs70mCphjU5uAOb5o3D2qYNWfKfVj9oE=
Grilled sliced Steak Rib eye with Pepper sauce stock photo,https://media.istockphoto.com/photos/grilled-sliced-steak-rib-eye-with-pepper-sauce-picture-id692634606?k=6&m=692634606&s=612x612&w=0&h=6v1Dh1QJnK23Drp91-76HVgrdVagUCadWap5wxW443A=
Rustic Farmhouse Rump Steak stock photo,https://media.istockphoto.com/photos/rustic-farmhouse-rump-steak-picture-id1169868287?k=6&m=1169868287&s=612x612&w=0&h=cqQk4NtS4nv6eo0kAMy-tAj3OXRORtQOjYpWTArD6Cs=
"Steak, T-Bone. Poster with steak silhouette, text JS translation missing: stock_vector_art 1147292344",https://media.istockphoto.com/vectors/steak-tbone-poster-with-steak-silhouette-text-vector-id1147292344?k=6&m=1147292344&s=612x612&w=0&h=MoIzsh6msFVocFsyycNiRv2sUxfJyusnOfcBX_O3_MY=
Beef steaks on the grill stock photo,https://media.istockphoto.com/photos/beef-steaks-on-the-grill-picture-id520421898?k=6&m=520421898&s=612x612&w=0&h=a_i9kon4fg375QZ5x-ckic5ZLEyF8dtWoaGmYD89e-w=
Sliced beef steak from grill on a fork. Salt is strewing from wooden mill stock photo,https://media.istockphoto.com/photos/sliced-beef-steak-from-grill-on-a-fork-salt-is-strewing-from-wooden-picture-id1047316136?k=6&m=1047316136&s=612x612&w=0&h=ay-2yB_uWw4Z-rtOqqLV0mqEMqItWAJ0j16RDu2FRrk=
Grilled dry aged tomahawk steak sliced as close-up stock photo,https://media.istockphoto.com/photos/grilled-dry-aged-tomahawk-steak-sliced-as-closeup-picture-id1139694543?k=6&m=1139694543&s=612x612&w=0&h=vicdzucSdEaeO_fmGLrCFfB8tlAZq66L6LEC5l8RyyQ=
Grilled steak with asparagus stock photo,https://media.istockphoto.com/photos/grilled-steak-with-asparagus-picture-id1090831256?k=6&m=1090831256&s=612x612&w=0&h=0AboGpmQ6XGit_GA3jZEz1TQ2_AeqjY6pAQ-EyQnBC4=
Grilled ribeye beef steak with rosemary and salt. stock photo,https://media.istockphoto.com/photos/grilled-ribeye-beef-steak-with-rosemary-and-salt-picture-id1213640567?k=6&m=1213640567&s=612x612&w=0&h=Tekxpsto3ZJO8GCTlqvXUPbI8o6ncsFPa12x4YoQM7k=
Close up of a cutting a fillet steak food photography recipe idea stock photo,https://media.istockphoto.com/photos/close-up-of-a-cutting-a-fillet-steak-food-photography-recipe-idea-picture-id1053812600?k=6&m=1053812600&s=612x612&w=0&h=rN8qOfZtiCF65aYRtSPmL0US2uz6TT5MHkTT9dFpjhk=
Medium Rare Fillet Mignon Steak with Herb Garlic Butter stock photo,https://media.istockphoto.com/photos/medium-rare-fillet-mignon-steak-with-herb-garlic-butter-picture-id1086378976?k=6&m=1086378976&s=612x612&w=0&h=gmZTQY508Xf9jzho_VF3zbpMRLivFWEhUyz3gFlBcao=
"Grilled ribeye beef steak, herbs and spices stock photo",https://media.istockphoto.com/photos/grilled-ribeye-beef-steak-herbs-and-spices-picture-id638669726?k=6&m=638669726&s=612x612&w=0&h=lGg6kwXIEK_jJHhXV2EqQqQNrt9LEvXk4a0DhnvrhZc=
Rib-eye steaks cooking on flaming grill panorama stock photo,https://media.istockphoto.com/photos/ribeye-steaks-cooking-on-flaming-grill-panorama-picture-id1151530639?k=6&m=1151530639&s=612x612&w=0&h=N7SM5rN4F6gkTeOU2yiObOHo8Zjl7zalvdQ6SkQLOp4=
Juicy steak medium rare beef with spices on wooden board on table stock photo,https://media.istockphoto.com/photos/juicy-steak-medium-rare-beef-with-spices-on-wooden-board-on-table-picture-id926365420?k=6&m=926365420&s=612x612&w=0&h=TcWPH9jflhEy4JBgssn5iVmDawQxWqyWj9AmBirdHGc=
"Steak dinner grilled beef icons set, flat style JS translation missing: stock_vector_art 1009934364",https://media.istockphoto.com/vectors/steak-dinner-grilled-beef-icons-set-flat-style-vector-id1009934364?k=6&m=1009934364&s=612x612&w=0&h=Lx1rgBbN1KTN8YQgMpRkjzEFGluWupy3q1jYdVdDdxs=
Filet Mignon Dinner stock photo,https://media.istockphoto.com/photos/filet-mignon-dinner-picture-id1199570971?k=6&m=1199570971&s=612x612&w=0&h=IhLzOofiOAwcHXbKAnombEgCI1mB9QKSCPVLsG31ab4=
Sliced beef steak from grill on a fork with herbs. stock photo,https://media.istockphoto.com/photos/sliced-beef-steak-from-grill-on-a-fork-with-herbs-picture-id1176107388?k=6&m=1176107388&s=612x612&w=0&h=VkTFhmWVjhM-MVgPViVtIEzAUoCffLfCX0ShFjBcd3g=
"Steak icons set, isometric 3d style JS translation missing: stock_vector_art 683004676",https://media.istockphoto.com/vectors/steak-icons-set-isometric-3d-style-vector-id683004676?k=6&m=683004676&s=612x612&w=0&h=8eLLve2LGho5cPN5Kj23nAilIrqStpV2rQFOy4HSeIo=
Sliced meat barbecue steak Machete stock photo,https://media.istockphoto.com/photos/sliced-meat-barbecue-steak-machete-picture-id842897318?k=6&m=842897318&s=612x612&w=0&h=3B4muPjpCqIdUDCjnhaj_Jq-f1j6Cs51qQDsePqoy_c=
Grilled beef steak stock photo,https://media.istockphoto.com/photos/grilled-beef-steak-picture-id673909238?k=6&m=673909238&s=612x612&w=0&h=m86vjMNIBceNmFQjjirohmpKpasvMHkSL11xnnlSLIQ=
Ribeye Steak on Grill with Fire stock photo,https://media.istockphoto.com/photos/ribeye-steak-on-grill-with-fire-picture-id155100060?k=6&m=155100060&s=612x612&w=0&h=ZMoU3ufVhA04CAfmdcFM906hdIzIWG2nPbo98sJgKDk=
Filet Mignon Steak on wooden board stock photo,https://media.istockphoto.com/photos/filet-mignon-steak-on-wooden-board-picture-id502490108?k=6&m=502490108&s=612x612&w=0&h=uzY-jJcuZ4WtspOf7Dr197Ub09B0v-zuqsRhQl7Qt30=
Grilled ribeye beef steak with rosemary on a black background. stock photo,https://media.istockphoto.com/photos/grilled-ribeye-beef-steak-with-rosemary-on-a-black-background-picture-id1180424040?k=6&m=1180424040&s=612x612&w=0&h=2jc4GoFE3y7c2aRDcZpFRImoYZx_fpUkQWp_NbpWNPc=
Sliced medium rare grilled beef ribeye steak stock photo,https://media.istockphoto.com/photos/sliced-medium-rare-grilled-beef-ribeye-steak-picture-id808351090?k=6&m=808351090&s=612x612&w=0&h=xe1STcCeEGm5bt1tcnMylaAiyPQyBqjnQf5_238CiKY=
Steak on the bone. Tomahawk steak On a black wooden background. Top view. Free copy space. stock photo,https://media.istockphoto.com/photos/steak-on-the-bone-tomahawk-steak-on-a-black-wooden-background-top-picture-id1059836138?k=6&m=1059836138&s=612x612&w=0&h=nGIH4jUkQmTj1UoZmTMJ9wHt73qGB8ubew7uwAKE6rg=
Sliced grilled steak roastbeef and rosemary stock photo,https://media.istockphoto.com/photos/sliced-grilled-steak-roastbeef-and-rosemary-picture-id527681764?k=6&m=527681764&s=612x612&w=0&h=O4bgHiWbGOx8VButuz69YG7Wl2_yCXRrSD3EeMbwfx8=
Organic Lamb Loin Chops stock photo,https://media.istockphoto.com/photos/organic-lamb-loin-chops-picture-id510851232?k=6&m=510851232&s=612x612&w=0&h=e5tQoYlYAh1U_BIeNkbolLfWjPSOrokQySGYVzT7vOo=
Steak house fire black JS translation missing: stock_vector_art 908668088,https://media.istockphoto.com/vectors/steak-house-fire-black-vector-id908668088?k=6&m=908668088&s=612x612&w=0&h=t_mFVbFvDkCZpQnFzzVsAaPT0kYAs0mJPBph9vHshtQ=
"Beef steaks, baked potatoes and vegetable salad stock photo",https://media.istockphoto.com/photos/beef-steaks-baked-potatoes-and-vegetable-salad-picture-id537383962?k=6&m=537383962&s=612x612&w=0&h=XOpmEZ0e-LM2H8ZT73wHQVDY8uhFe5XW7JTs-u0jLsk=
Grilled beef steak with spices on cutting board stock photo,https://media.istockphoto.com/photos/grilled-beef-steak-with-spices-on-cutting-board-picture-id863467266?k=6&m=863467266&s=612x612&w=0&h=GJmaH5lvljtDiucuta5ZhAAyZs0QvmxAItp_A8rhNyg=
Man cooking beef steaks Male hands holding a grill pan with beef steaks on kitchen stock photo,https://media.istockphoto.com/photos/man-cooking-beef-steaks-male-hands-holding-a-grill-pan-with-beef-on-picture-id930715564?k=6&m=930715564&s=612x612&w=0&h=gE6RAXytBUW5zKlyRWV8p9y1uALnJELBR38chEipcBs=
Rare Roast Beef stock photo,https://media.istockphoto.com/photos/rare-roast-beef-picture-id1044989370?k=6&m=1044989370&s=612x612&w=0&h=Do7-_ZnKHcFhsol-eKTiDZEHlI9MGRrlqxJ3iG6FLRo=
Grilled flat iron steak shot in flat lay style stock photo,https://media.istockphoto.com/photos/grilled-flat-iron-steak-shot-in-flat-lay-style-picture-id594463000?k=6&m=594463000&s=612x612&w=0&h=IN5SKiTMbAycvL8VYRs8hBavgXJZ9gtNMDcZz_AMtfc=
Tasty beef steaks flying above cast iron grate with fire flames. stock photo,https://media.istockphoto.com/photos/tasty-beef-steaks-flying-above-cast-iron-grate-with-fire-flames-picture-id1140181565?k=6&m=1140181565&s=612x612&w=0&h=npCY8SmqxHceUIVsx3a2Ghe-Jt-A5D_52kfHtK3b36A=
Sirloin steaks on the bbq stock photo,https://media.istockphoto.com/photos/sirloin-steaks-on-the-bbq-picture-id540978770?k=6&m=540978770&s=612x612&w=0&h=l8c_SJKsjvadQNlTUaUFoiJXAmVNlRY5R7Cowujjxc8=
Steak and Lobster on a White Plate and Table Cloth stock photo,https://media.istockphoto.com/photos/steak-and-lobster-on-a-white-plate-and-table-cloth-picture-id1040524582?k=6&m=1040524582&s=612x612&w=0&h=aURYDzVD1J_WnYjrgpZDcEy47sJcmSnCqNYnd1-LovU=
"Raw meat vector drawing. Hand drawn beef steak, pork ham, lamb rib, minced chicken forcemeat. JS translation missing: stock_vector_art 968860408",https://media.istockphoto.com/vectors/raw-meat-vector-drawing-hand-drawn-beef-steak-pork-ham-lamb-rib-vector-id968860408?k=6&m=968860408&s=612x612&w=0&h=Rfthr8co9pz-C3NlC2RrMwONb1_8Uiqb8J9juxyQ4fc=
Grilled beefsteak with potateos stock photo,https://media.istockphoto.com/photos/grilled-beefsteak-with-potateos-picture-id158794005?k=6&m=158794005&s=612x612&w=0&h=k4bSw4VHMh52e0Ivlnc2PuDLmXWiNMZghVL_tlqsrF4=
Homemade Country Fried Steak stock photo,https://media.istockphoto.com/photos/homemade-country-fried-steak-picture-id682423600?k=6&m=682423600&s=612x612&w=0&h=ONPZXSLzsJrX9WH957RQ7h2K1m7QX-PsL1abTT93ZQI=
Prime Boneless Hip Sirloin Steak stock photo,https://media.istockphoto.com/photos/prime-boneless-hip-sirloin-steak-picture-id171359079?k=6&m=171359079&s=612x612&w=0&h=WRAvE017NJFt5AQumCE1_4OG9Jjdqur8wQ7rmhuuCDU=
"Steak silhouettes, raw and grilled meat icon set JS translation missing: stock_vector_art 848621070",https://media.istockphoto.com/vectors/steak-silhouettes-raw-and-grilled-meat-icon-set-vector-id848621070?k=6&m=848621070&s=612x612&w=0&h=vQKqkBM642XXaF8RoicXY5CPRVyQuDh3rWnoQPxMUyo=
Grilled sliced beef steak stock photo,https://media.istockphoto.com/photos/grilled-sliced-beef-steak-picture-id586695878?k=6&m=586695878&s=612x612&w=0&h=HGBg6RYrzCtIZAOknaASlaKybce2QuXsVKMosMZU5-k=
Flame Grilled Steaks Being Flipped On Barbecue With Tongs stock photo,https://media.istockphoto.com/photos/flame-grilled-steaks-being-flipped-on-barbecue-with-tongs-picture-id1143503855?k=6&m=1143503855&s=612x612&w=0&h=JmuRDC9hkB6Uq-x5a3UUIT5bklFRCs-N7dBkuXLebPY=
Prime rib stock photo,https://media.istockphoto.com/photos/prime-rib-picture-id173935022?k=6&m=173935022&s=612x612&w=0&h=S_McNymX7ZvMX2UaoWDQZnXnsWLhv_38DvEapYQacRo=
Sliced beef steak from grill on a fork. Salt is strewing from above stock photo,https://media.istockphoto.com/photos/sliced-beef-steak-from-grill-on-a-fork-salt-is-strewing-from-above-picture-id1176107342?k=6&m=1176107342&s=612x612&w=0&h=x1otss7EiIdtVSUsq0axfzJPT-vY2NVRoZZP4H8aQ8g=
"Hands holding fork and knife and eating delicious juicy steak with grilled cabbage,tomatoes and cheese on table at cafe in city street. Man tasting bbq with vegetables in restaurant stock photo",https://media.istockphoto.com/photos/hands-holding-fork-and-knife-and-eating-delicious-juicy-steak-with-picture-id1060835204?k=6&m=1060835204&s=612x612&w=0&h=27fkIl68bFvuyxHKzjsRzZimYyPSwtRl1VQg4HT5-nQ=
Filet mignon red wine sauce stock photo,https://media.istockphoto.com/photos/filet-mignon-red-wine-sauce-picture-id1061655028?k=6&m=1061655028&s=612x612&w=0&h=RoQlkBbOJublV6wEG05GOiJjlkOtxGlDcvp2-HqGGUY=
"Venison, Elk Sirloin Tip Roast stock photo",https://media.istockphoto.com/photos/venison-elk-sirloin-tip-roast-picture-id1166248187?k=6&m=1166248187&s=612x612&w=0&h=dX7thJLFJSmwY-T2uFwpPUGiZZOipBHfgX7l8lGIjRE=
"Various cuts of meat, shot from the top on a black background with salt, pepper, rosemary and knives, with copy space stock photo",https://media.istockphoto.com/photos/various-cuts-of-meat-shot-from-the-top-on-a-black-background-with-picture-id1214484853?k=6&m=1214484853&s=612x612&w=0&h=uFKT6XSKmt-FVZiNMhxoSCTl6Vwn_a06Jw4vs9A6GBM=
"Flying beef steaks over grill grid, isolated on black background stock photo",https://media.istockphoto.com/photos/flying-beef-steaks-over-grill-grid-isolated-on-black-background-picture-id938464320?k=6&m=938464320&s=612x612&w=0&h=FWxIqhwFQd1cyL9gmdpnhy71lM6NU4oRS7bw7xkrjBA=
Food line icons. Editable stroke. Pixel perfect. JS translation missing: stock_vector_art 1030227628,https://media.istockphoto.com/vectors/food-line-icons-editable-stroke-pixel-perfect-vector-id1030227628?k=6&m=1030227628&s=612x612&w=0&h=TIQOz_8HFS_EE5F39we-TQSDGfbM_dL3oCwPzxweduE=
Roasted pork steak stock photo,https://media.istockphoto.com/photos/roasted-pork-steak-picture-id895033896?k=6&m=895033896&s=612x612&w=0&h=twxEOcTRjDNzzT4joC9XQePGm15tbvx3KFAvCR9__ZE=
Slices of Steak Ribeye on meat fork stock photo,https://media.istockphoto.com/photos/slices-of-steak-ribeye-on-meat-fork-picture-id505923720?k=6&m=505923720&s=612x612&w=0&h=HLPrsRyZsBml8xgoCs87nnZ3dqMT-UZcrhcaIcs8wic=
Sliced Tenderloin meat Roast beef and carving set stock photo,https://media.istockphoto.com/photos/sliced-tenderloin-meat-roast-beef-and-carving-set-picture-id842865316?k=6&m=842865316&s=612x612&w=0&h=Vq7wff4pVZvwAZv9UaPGd6WnHOGug2qoirWEPNsxjA0=
Bbq cut steak stock photo,https://media.istockphoto.com/photos/bbq-cut-steak-picture-id803789856?k=6&m=803789856&s=612x612&w=0&h=h_x2nkq7k4_Ksh09btArw5QnIYPPgL_ILP-UTcKXN6I=
Beef steak isolated stock photo,https://media.istockphoto.com/photos/beef-steak-isolated-picture-id1079973474?k=6&m=1079973474&s=612x612&w=0&h=sr5u8uUOt84DQf96ksNyNSSQW_mQb2_vbQLmIdgFlaA=
Japanese wagyu beef steak teppanyaki. stock photo,https://media.istockphoto.com/photos/japanese-wagyu-beef-steak-teppanyaki-picture-id1257447065?k=6&m=1257447065&s=612x612&w=0&h=MV8h-IG4eRAe74N35okwnb2Bx5fgjYXWnGvhhf0n6TU=
"Grilled Black Angus Steak with tomatoes, garlic with chimichurri sauce on meat cutting board. stock photo",https://media.istockphoto.com/photos/grilled-black-angus-steak-with-tomatoes-garlic-with-chimichurri-sauce-picture-id914482172?k=6&m=914482172&s=612x612&w=0&h=eSzc7wyAwXimFrzIYJE-vHUO2573MY3eluF0Vx7QG9k=
Fresh raw rib eye steaks isolated on white stock photo,https://media.istockphoto.com/photos/fresh-raw-rib-eye-steaks-isolated-on-white-picture-id935316446?k=6&m=935316446&s=612x612&w=0&h=S-i6etMJipK5B9iHoDEER-JajmnWNU_q95LP_mGt778=
Steak stock photo,https://media.istockphoto.com/photos/steak-picture-id835995304?k=6&m=835995304&s=612x612&w=0&h=-hOVIvW1AmJukm50_PpwNB1MFy_xWAgQuZ3nR5Pw01s=
Grilled Steak stock photo,https://media.istockphoto.com/photos/grilled-steak-picture-id172427131?k=6&m=172427131&s=612x612&w=0&h=u8Lq3sUaJxFDIw9VLfsAThqPvb1Uj7aihyeK0GbUtIM=
Ribeye steak with arugula and tomatoes. stock photo,https://media.istockphoto.com/photos/ribeye-steak-with-arugula-and-tomatoes-picture-id499686946?k=6&m=499686946&s=612x612&w=0&h=kr0GFPBWT7e2YdAJiX2SRKsw-1f2y0pJz5gLVpv7Yq4=
"Medium Rare Ribeye steak on wooden board, selected focus stock photo",https://media.istockphoto.com/photos/medium-rare-ribeye-steak-on-wooden-board-selected-focus-picture-id578275882?k=6&m=578275882&s=612x612&w=0&h=6RzUMFc0eFLGkdsar-asTIYkJk33VESEr-_TbWdSsoI=
Sliced steak Ribeye stock photo,https://media.istockphoto.com/photos/sliced-steak-ribeye-picture-id686104342?k=6&m=686104342&s=612x612&w=0&h=th91sscGatxhqIaH0yL-aIsuTkKSydwltzBXbM6lGVo=
Roasted rib eye steak with green asparagus and wine stock photo,https://media.istockphoto.com/photos/roasted-rib-eye-steak-with-green-asparagus-and-wine-picture-id935316702?k=6&m=935316702&s=612x612&w=0&h=NReqPmyJBkSGhzEpRPtOZuXwVTRDmitKBoinyQiNPy8=
Grilled sliced beef steak stock photo,https://media.istockphoto.com/photos/grilled-sliced-beef-steak-picture-id543186504?k=6&m=543186504&s=612x612&w=0&h=MJtOIRw66aRIPAYEMFBDscWWN67iQTThJQskW0XFKvE=
Garststufen Rindersteak dry aged prime rib eye steak Gargrade stock photo,https://media.istockphoto.com/photos/garststufen-rindersteak-dry-aged-prime-rib-eye-steak-gargrade-picture-id1095002408?k=6&m=1095002408&s=612x612&w=0&h=8v3Jp0s8WyDZzkYyIuYAG84Z7k0dqohW6KT8nr6GN5M=
Steaks from fresh meat stock photo,https://media.istockphoto.com/photos/steaks-from-fresh-meat-picture-id981092150?k=6&m=981092150&s=612x612&w=0&h=oUtJsO8Tw1YBJyWMdcQINQ8-9yNLJb6dkki5-EI0V4g=
Various cuts of raw meat shot from above on a cast iron grill stock photo,https://media.istockphoto.com/photos/various-cuts-of-raw-meat-shot-from-above-on-a-cast-iron-grill-picture-id1143086160?k=6&m=1143086160&s=612x612&w=0&h=7cRZ2dL2UGPDJByq8HuQ9Kpi1dqwlgCAL8AQ9OTvsr8=
"Medium Rare Fillet Mignon Steak with a Mushroom Sauce, Roasted Green Beans and Mushrooms stock photo",https://media.istockphoto.com/photos/medium-rare-fillet-mignon-steak-with-a-mushroom-sauce-roasted-green-picture-id1200523712?k=6&m=1200523712&s=612x612&w=0&h=zqwPc_3M8Xj5WxGTxg8eSh5ToE6GP4esZZ77KXTTLsU=
Juicy steak medium rare beef with spices on wooden board on table stock photo,https://media.istockphoto.com/photos/juicy-steak-medium-rare-beef-with-spices-on-wooden-board-on-table-picture-id926365254?k=6&m=926365254&s=612x612&w=0&h=bK8_f9UZ2n7oSHvn3xK3F4KKjOzUMrcBBmyvt8alQ6E=
"Steak icons set, cartoon style JS translation missing: stock_vector_art 1244348056",https://media.istockphoto.com/vectors/steak-icons-set-cartoon-style-vector-id1244348056?k=6&m=1244348056&s=612x612&w=0&h=3JYEhE44v8GTGuMDso5jnSso9DEBI6FrETmwcdoKatE=
"Grilled ribeye beef steak with red wine, herbs and spices stock photo",https://media.istockphoto.com/photos/grilled-ribeye-beef-steak-with-red-wine-herbs-and-spices-picture-id645780882?k=6&m=645780882&s=612x612&w=0&h=Rq8AfQe5f9aFqzPsPwemE--z4EP66hdjr10fVCm7LnM=
Big Rib Eye Steak With Bite Cut Out stock photo,https://media.istockphoto.com/photos/big-rib-eye-steak-with-bite-cut-out-picture-id155144263?k=6&m=155144263&s=612x612&w=0&h=bv0k13e1zg2ErLtn1Kp2JB0Wvd7W8z4uCzbi_Mk7LRw=
Grilled tenderloin with French fries and salad stock photo,https://media.istockphoto.com/photos/grilled-tenderloin-with-french-fries-and-salad-picture-id1218202588?k=6&m=1218202588&s=612x612&w=0&h=IoCEGIin89PB_UmMvio0kUYRJ3CoLn6oAecnbtrqPBs=
"Sliced Beef steak, salad on plate and wine stock photo",https://media.istockphoto.com/photos/sliced-beef-steak-salad-on-plate-and-wine-picture-id519492310?k=6&m=519492310&s=612x612&w=0&h=yyDEOav8Q7Ym01I7NiDXbVOJHKLfZLJ5d0LXZaw6CKc=
Argentine Style Steak with Chimichurri Sauce stock photo,https://media.istockphoto.com/photos/argentine-style-steak-with-chimichurri-sauce-picture-id1037517908?k=6&m=1037517908&s=612x612&w=0&h=ZD-Q1EZkpMB5SiH1QrAhFsAEFjgJuj9TjZqvv2kq_N8=
Steak stock photo,https://media.istockphoto.com/photos/steak-picture-id154110357?k=6&m=154110357&s=612x612&w=0&h=XKcuC6UuDlXvK3HUsaNBnne-lBFCAGSh4PfwgbyH8h8=
"Top view of dry-aged marble beef steak Tomahawk on black slate with spices. Flat lay, dinner concept. stock photo",https://media.istockphoto.com/photos/top-view-of-dryaged-marble-beef-steak-tomahawk-on-black-slate-with-picture-id1163504925?k=6&m=1163504925&s=612x612&w=0&h=laZgOyi3C3eOm2C9TvhdnuFUnmj5yiLU4NIuegqP_MU=
Raw marbled ribeye steak and spices stock photo,https://media.istockphoto.com/photos/raw-marbled-ribeye-steak-and-spices-picture-id1144869656?k=6&m=1144869656&s=612x612&w=0&h=2BvEU8rMwCGwIc306pFJzHsAEb7IZuPtGRCxdvFug30=
Process of preparing two pork or beef steaks. Meat roasted on metal portable barbecue BBQ grill with bright flaming fire and ember charcoal. Close up stock photo,https://media.istockphoto.com/photos/process-of-preparing-two-pork-or-beef-steaks-meat-roasted-on-metal-picture-id1207250280?k=6&m=1207250280&s=612x612&w=0&h=wUbWRw1p487D7X7WL0jxf5EpOn3ZNYII-sEyDEyVLno=
Grilled pork chop with spices stock photo,https://media.istockphoto.com/photos/grilled-pork-chop-with-spices-picture-id1134121306?k=6&m=1134121306&s=612x612&w=0&h=byfBfTquiefkZA8JKDn3wZyULF_dJUzAoSY1t_KZqLg=
"Raw cowboy steak on stone background, prime rib eye on bone, top view stock photo",https://media.istockphoto.com/photos/raw-cowboy-steak-on-stone-background-prime-rib-eye-on-bone-top-view-picture-id1230892196?k=6&m=1230892196&s=612x612&w=0&h=pasSqiaohRGHPDkaXs-lkmx7UupCpGUKrVjV5BoguS4=
Food Thin Line Icons - Editable Stroke JS translation missing: stock_vector_art 1195640221,https://media.istockphoto.com/vectors/food-thin-line-icons-editable-stroke-vector-id1195640221?k=6&m=1195640221&s=612x612&w=0&h=D_Mo4frrIYJ4byEVH8_0eALmyqvNuAdPDnC-3v6myWA=
Filet mignon steak with lobster tail surf and turf meal stock photo,https://media.istockphoto.com/photos/filet-mignon-steak-with-lobster-tail-surf-and-turf-meal-picture-id636514364?k=6&m=636514364&s=612x612&w=0&h=Atp4Nj3bE5wmc4c5y148XHpuuFRbzJwX7SgBaLpXoA8=
Empty flaming charcoal grill with open fire. stock photo,https://media.istockphoto.com/photos/empty-flaming-charcoal-grill-with-open-fire-picture-id1136889071?k=6&m=1136889071&s=612x612&w=0&h=Cz_sV777aB2vNOK-nLPKQU_vkegnIZQ6ipwEWO72WcQ=
Kobe beef stock photo,https://media.istockphoto.com/photos/kobe-beef-picture-id508579300?k=6&m=508579300&s=612x612&w=0&h=asfKfc_C7ECi4suNGwhwghXeDt62wTqFJq_susPry20=
Entrecote Beef Steak On Grill With Rosemary Pepper And Salt stock photo,https://media.istockphoto.com/photos/entrecote-beef-steak-on-grill-with-rosemary-pepper-and-salt-picture-id945452122?k=6&m=945452122&s=612x612&w=0&h=wkPSAmGE3Zq2m25ZWKgQNFOFuP4xCleDAhkkn5EfHZ4=
Roasted BBQ T-Bone Steak stock photo,https://media.istockphoto.com/photos/roasted-bbq-tbone-steak-picture-id680264880?k=6&m=680264880&s=612x612&w=0&h=YHFsEOGnmogklHbOt7uqx8BYrrKQksX1KL7Pdr_gRgg=
Heart shape Raw meat Steak on frying pan stock photo,https://media.istockphoto.com/photos/heart-shape-raw-meat-steak-on-frying-pan-picture-id532113808?k=6&m=532113808&s=612x612&w=0&h=s-W3EF83UJORnHWkAyFZiSjhRu0Ao95RcQ-1wgHIc5E=
Juicy Grilled Flank Steak stock photo,https://media.istockphoto.com/photos/juicy-grilled-flank-steak-picture-id1127585862?k=6&m=1127585862&s=612x612&w=0&h=Q_rfQ93TZRQHUBhCyHni4kk3H_8BWdN2RpR2ZaRFmpE=
Woman hand holding knife and fork cutting grilled beef steak stock photo,https://media.istockphoto.com/photos/woman-hand-holding-knife-and-fork-cutting-grilled-beef-steak-picture-id866743926?k=6&m=866743926&s=612x612&w=0&h=34Z6zibOkM4pD5gQb0TnDKXNFVANoS7wBcpkGkPClu4=
Meat food icons with lettering JS translation missing: stock_vector_art 1044043962,https://media.istockphoto.com/vectors/meat-food-icons-with-lettering-vector-id1044043962?k=6&m=1044043962&s=612x612&w=0&h=gsIBXgGV4wL_qhI8U8xZPSF7onQPSATzkVz0G1IogRs=
Man holding juicy grilled beef steak with spices on cutting board stock photo,https://media.istockphoto.com/photos/man-holding-juicy-grilled-beef-steak-with-spices-on-cutting-board-picture-id930713290?k=6&m=930713290&s=612x612&w=0&h=AsNx-Nc1yqXQEIMm4MP24KFr8598qo4O0YXa4tpMWz8=
Raw Steaks on white background stock photo,https://media.istockphoto.com/photos/raw-steaks-on-white-background-picture-id1134655057?k=6&m=1134655057&s=612x612&w=0&h=m_uh87hnJIv_r2SOZrtBd_uMt2CzA_Cg9_ETjdUneqc=
Fresh Ribeye Steaks at the Butcher Shop stock photo,https://media.istockphoto.com/photos/fresh-ribeye-steaks-at-the-butcher-shop-picture-id174479270?k=6&m=174479270&s=612x612&w=0&h=qZVbbrzbdyNI4JWaZtDgqKjL-AYIjv2biBXDc88zeBA=
Grilled Black Angus Steak Striploin on frying cast iron Grill pan on dark background stock photo,https://media.istockphoto.com/photos/grilled-black-angus-steak-striploin-on-frying-cast-iron-grill-pan-on-picture-id1157806854?k=6&m=1157806854&s=612x612&w=0&h=V4NMMjzDN7EoGVDAV3fbCDO5uCOXkNsh7_x5kRTXAdk=
Steak Isolated on White stock photo,https://media.istockphoto.com/photos/steak-isolated-on-white-picture-id132020365?k=6&m=132020365&s=612x612&w=0&h=woobzRL0pYa6K9YO-U5vE9VHcbHaLGOIMneh06SytJw=
Grilled pork chops with spices stock photo,https://media.istockphoto.com/photos/grilled-pork-chops-with-spices-picture-id1133724920?k=6&m=1133724920&s=612x612&w=0&h=0SKiA4F5nrLsAy-eG5L_bieWTWlebzj6DORdL8h5OxI=
Flying pieces of beef rump steaks on black stock photo,https://media.istockphoto.com/photos/flying-pieces-of-beef-rump-steaks-on-black-picture-id961276960?k=6&m=961276960&s=612x612&w=0&h=yqaGAPE3k42lgiTZjbuOAibLucl502YOf34zRSZObYM=
Grilled dry aged tomahawk steak sliced as close-up stock photo,https://media.istockphoto.com/photos/grilled-dry-aged-tomahawk-steak-sliced-as-closeup-picture-id1139694547?k=6&m=1139694547&s=612x612&w=0&h=AfziTGJuPD2fcR3PledhvkTuvYsJkFCPVLwFPuLP0_E=
Beef steak on a wooden table stock photo,https://media.istockphoto.com/photos/beef-steak-on-a-wooden-table-picture-id486263899?k=6&m=486263899&s=612x612&w=0&h=HXFVDxkw9oerXU8bx-CJxwp_N_JH5oNMvoIggi9OM7A=
"Grilled ribeye beef steak with red wine, herbs and spices stock photo",https://media.istockphoto.com/photos/grilled-ribeye-beef-steak-with-red-wine-herbs-and-spices-picture-id637890932?k=6&m=637890932&s=612x612&w=0&h=yr-2XlnvX-5wz5RD2NoagTuUgp_seqc7UopNsVfrMsg=
Beef Steak. Grill beef steak black lentils mixed with vegetable. Cognac or brandy as drink. Culinary food in hotel pub or restaurant stock photo,https://media.istockphoto.com/photos/beef-steak-grill-beef-steak-black-lentils-mixed-with-vegetable-cognac-picture-id882125314?k=6&m=882125314&s=612x612&w=0&h=sImPl-eDZs9vhsMjor-iXcZaE-7_WxMrqLvSuDY-GIE=
Illustration of meat dish JS translation missing: stock_vector_art 1207436649,https://media.istockphoto.com/vectors/illustration-of-meat-dish-vector-id1207436649?k=6&m=1207436649&s=612x612&w=0&h=Nsy4KxJmmd1dROR07OiHWMhWpHP6qZSr43FMfI0RkD4=
Hearty Homemade Steak and French Fries stock photo,https://media.istockphoto.com/photos/hearty-homemade-steak-and-french-fries-picture-id657627186?k=6&m=657627186&s=612x612&w=0&h=oHriECOfL_pgFE0bqpv0IQeyUvwHqE7YbAZbEpfj6WU=
Sliced medium rare grilled beef steak and potato wedges stock photo,https://media.istockphoto.com/photos/sliced-medium-rare-grilled-beef-steak-and-potato-wedges-picture-id1215935467?k=6&m=1215935467&s=612x612&w=0&h=cLCUJ4Etg-Mh4fyMea3IvF-repIWghkat3E8tg-g_FQ=
Sous-vide grilled beef steak with fork and herbs on dark background. stock photo,https://media.istockphoto.com/photos/sousvide-grilled-beef-steak-with-fork-and-herbs-on-dark-background-picture-id1178210381?k=6&m=1178210381&s=612x612&w=0&h=EP3_FvZu1iO3VkOTi65QvSH6_eme-ima88hAwL2TeKQ=
"Tender and juicy, a fork pierces grilled beef fillet stock photo",https://media.istockphoto.com/photos/tender-and-juicy-a-fork-pierces-grilled-beef-fillet-picture-id168635505?k=6&m=168635505&s=612x612&w=0&h=zvE3-kQU0AYo5JSvSVL2m_7C3gOzXYA-kVZCIR6ctl4=
Slices of steak on meat fork stock photo,https://media.istockphoto.com/photos/slices-of-steak-on-meat-fork-picture-id507255524?k=6&m=507255524&s=612x612&w=0&h=orOqH0t1Smj0VeC06ektWEsL7kEXouSI8zAAft_pAJg=
Grilled beef fillet steaks with spices stock photo,https://media.istockphoto.com/photos/grilled-beef-fillet-steaks-with-spices-picture-id673152946?k=6&m=673152946&s=612x612&w=0&h=iUiJtIA5GNxQ9fOjz0niiSnSbPg0-ArScf7XC6DNfc0=
Fresh raw Prime Black Angus beef steaks on wooden board stock photo,https://media.istockphoto.com/photos/fresh-raw-prime-black-angus-beef-steaks-on-wooden-board-picture-id587953150?k=6&m=587953150&s=612x612&w=0&h=5cqTKuZsSc2gfec2ph_XvGJaIKAvfUISy33h0l6slJk=
Fresh green asparagus with steak stock photo,https://media.istockphoto.com/photos/fresh-green-asparagus-with-steak-picture-id1218529674?k=6&m=1218529674&s=612x612&w=0&h=pBc2_-eul-_4PfqgU0-1DwjQvlziVMtf1J8XiORnM64=
Man is eating grilled steak at wooden table stock photo,https://media.istockphoto.com/photos/man-is-eating-grilled-steak-at-wooden-table-picture-id810464590?k=6&m=810464590&s=612x612&w=0&h=dilkd52DsRI3eDaygIg8bmrAw7gVIdmbCJr7oJRfIPQ=
Grilling Filet Mignon Steak on a grill with Fire stock photo,https://media.istockphoto.com/photos/grilling-filet-mignon-steak-on-a-grill-with-fire-picture-id594482744?k=6&m=594482744&s=612x612&w=0&h=rNz3cBQRlXhuMKwI7B0UUnrVh-Q0ByeIfiKN5iFJslE=
Grilled beef steak stock photo,https://media.istockphoto.com/photos/grilled-beef-steak-picture-id540727498?k=6&m=540727498&s=612x612&w=0&h=XVEG-mrWPqxxP1fiFJ3kl0FjyuptVhhXHpTYYeNJp-Q=
Flat iron steak restaurant stock photo,https://media.istockphoto.com/photos/flat-iron-steak-restaurant-picture-id1080009508?k=6&m=1080009508&s=612x612&w=0&h=NYqjob1EUebzp41nCtqDt9_YmotmYt6_z_MH1neJrVw=
Sliced meat steak Striploin with knife and fork carving set stock photo,https://media.istockphoto.com/photos/sliced-meat-steak-striploin-with-knife-and-fork-carving-set-picture-id842784462?k=6&m=842784462&s=612x612&w=0&h=PL9LyA6Q72Ng4ZEcKGZHv6t_-VGT2ouJSTmeymcOGvQ=
Grilled sliced beef steak stock photo,https://media.istockphoto.com/photos/grilled-sliced-beef-steak-picture-id618427184?k=6&m=618427184&s=612x612&w=0&h=PlotPa1k6EBzdxzr8-hTBCqVbNtThHHrxeaaTulrQbg=
Vector meat labels with meat cuts diagrams JS translation missing: stock_vector_art 1225404424,https://media.istockphoto.com/vectors/vector-meat-labels-with-meat-cuts-diagrams-vector-id1225404424?k=6&m=1225404424&s=612x612&w=0&h=OdDdx0VRodIkJJYAVMjR1c0LA3HdVphXDISTKoqCGfg=
"The concept of cooking meat. The chef cook salt on the cooked steak on a black background, a place under the logo for the restaurant menu. Food background image, copy space text stock photo",https://media.istockphoto.com/photos/the-concept-of-cooking-meat-the-chef-cook-salt-on-the-cooked-steak-on-picture-id1203053489?k=6&m=1203053489&s=612x612&w=0&h=Q_Z7huV7WwkIddkpaJBXCfrAoONL29hywtpjTDYAEOI=
Barbecue grilled beef steak meat with asparagus and tomatoes. stock photo,https://media.istockphoto.com/photos/barbecue-grilled-beef-steak-meat-with-asparagus-and-tomatoes-picture-id530419668?k=6&m=530419668&s=612x612&w=0&h=zBFtYG6mPrKb3H3Esp74KKs_RWhzVGZMtVYWR73XMDI=
Roasted meat with tomatoes and mushrooms on a white plate stock photo,https://media.istockphoto.com/photos/roasted-meat-with-tomatoes-and-mushrooms-on-a-white-plate-picture-id500211964?k=6&m=500211964&s=612x612&w=0&h=ooeaepEVdjv3xRR223owtyvjCLDfvLQg0IByzSonE7w=
Baked fish stock photo,https://media.istockphoto.com/photos/baked-fish-picture-id1137778399?k=6&m=1137778399&s=612x612&w=0&h=8q0fcI_3vsQ9uhltQzkW_vIvqn5eBdeF0EhjTNczGKQ=
Sliced T-bone steak with rosemary stock photo,https://media.istockphoto.com/photos/sliced-tbone-steak-with-rosemary-picture-id982377494?k=6&m=982377494&s=612x612&w=0&h=H6p83QeUb8vt07ePl16QwbrFChdJKxmZM94RXAcxIwM=
Three pieces of meat on a fork for meat stock photo,https://media.istockphoto.com/photos/three-pieces-of-meat-on-a-fork-for-meat-picture-id1164528808?k=6&m=1164528808&s=612x612&w=0&h=gZ_9qyKlkyDwkPWaWQQOP3HPVZ6gaxcyg_suSpG0CFY=
Beef Rosemary Skewers stock photo,https://media.istockphoto.com/photos/beef-rosemary-skewers-picture-id637145496?k=6&m=637145496&s=612x612&w=0&h=8U5H8BWNPKIVtr7csTVzBdobn89TwuuC5uL3_eqDmNo=
Grilled New Zealand Lamb Chops Plated With Sauteed Brussel Sprouts stock photo,https://media.istockphoto.com/photos/grilled-new-zealand-lamb-chops-plated-with-sauteed-brussel-sprouts-picture-id1093395034?k=6&m=1093395034&s=612x612&w=0&h=x2ybsEy0R2qQO2rJFDqUZWEyKm5y37JWBfvj28Ek0m0=
Collection of fried steaks. JS translation missing: stock_vector_art 1141604150,https://media.istockphoto.com/vectors/collection-of-fried-steaks-vector-id1141604150?k=6&m=1141604150&s=612x612&w=0&h=7l8gfPDKg4QOUsWFFQfrlT3hlf7tsbFLPFm908ZoxcU=
Grilled meat and vegetables stock photo,https://media.istockphoto.com/photos/grilled-meat-and-vegetables-picture-id673139382?k=6&m=673139382&s=612x612&w=0&h=ZMcHcKNJY_R1_7fiJV6pf7q9JvVT76ugY17fYIgXNoY=
Sliced raw pork meat with rosemary isolated on white background. Top view. Flat lay stock photo,https://media.istockphoto.com/photos/sliced-raw-pork-meat-with-rosemary-isolated-on-white-background-top-picture-id1162194568?k=6&m=1162194568&s=612x612&w=0&h=7XUArEDTWm5tjrqEnFjZjGWewIAqlMPcVoVcGboIhYI=
Grilled beef steak with spices on cutting board stock photo,https://media.istockphoto.com/photos/grilled-beef-steak-with-spices-on-cutting-board-picture-id813086798?k=6&m=813086798&s=612x612&w=0&h=E702zwlfBKyJKTrmmchkhzeAZ_VDDZGJfyDbnssLECs=
"Raw piece of meat, beef ribs. The hand of a male chef puts salt and spices on a dark background. stock photo",https://media.istockphoto.com/photos/raw-piece-of-meat-beef-ribs-the-hand-of-a-male-chef-puts-salt-and-on-picture-id1130934661?k=6&m=1130934661&s=612x612&w=0&h=PgY9Y4p3kAYWeSyvtnGn6ETds9G361NlI5VAn-yIc98=
Sliced medium rare grilled steak Ribeye with grilled onions stock photo,https://media.istockphoto.com/photos/sliced-medium-rare-grilled-steak-ribeye-with-grilled-onions-picture-id476185112?k=6&m=476185112&s=612x612&w=0&h=IAYjWWS_oGlddgp7qF1-kh5iFgNhFEroMoYsXPBNtC0=
"Menu hand drawn chalk design with white food icons on blackboard. Isolated vector sketch of meat dishes, barbecue, chicken, fish and seafood, fast food, beverages and sweet desserts. Vintage cafe menu JS translation missing: stock_vector_art 1077993454",https://media.istockphoto.com/vectors/menu-hand-drawn-chalk-design-with-white-food-icons-on-blackboard-vector-id1077993454?k=6&m=1077993454&s=612x612&w=0&h=g_S54kSERhhGs5IIKFC8yKaSyCbBYG0vQn0vAeGVOEc=
"Grilled Steak, Green Beans and Mashed Potatoes JS translation missing: stock_vector_art 108597494",https://media.istockphoto.com/vectors/grilled-steak-green-beans-and-mashed-potatoes-vector-id108597494?k=6&m=108597494&s=612x612&w=0&h=qmJOq76WfzWIKOXU2o11QY34v0xJQ3hBXYhBBWNxxpk=
Japanese Wagyu beef stock photo,https://media.istockphoto.com/photos/japanese-wagyu-beef-picture-id1223822550?k=6&m=1223822550&s=612x612&w=0&h=_fOw0jOjRSmRchqDegsIJIDg5MwZn-UEArHAWXxGUSc=
Steaks cooking over flaming grill stock photo,https://media.istockphoto.com/photos/steaks-cooking-over-flaming-grill-picture-id594465474?k=6&m=594465474&s=612x612&w=0&h=GPYF3lrfUyiXjSz_TzgMxarrLTnm53KYjhfzXXwaejc=
Grilled beefsteak with french fries stock photo,https://media.istockphoto.com/photos/grilled-beefsteak-with-french-fries-picture-id134169762?k=6&m=134169762&s=612x612&w=0&h=IGnLBIwdEc7JS7EzTM_ITXE1uuUQ_A8O-qDwMTpCLrQ=
Chef in hotel or restaurant kitchen cooking only hands. stock photo,https://media.istockphoto.com/photos/chef-in-hotel-or-restaurant-kitchen-cooking-only-hands-picture-id626311516?k=6&m=626311516&s=612x612&w=0&h=tR3YfZSA2sg-pkxGAZj7bqdjuxaZCyvxq8gDFEZJnXs=
"Restaurant menu thin line icons set: starters, chef dish, BBQ, soup, beef, steak, beverage, fish, salad, pizza, wine, seafood, burger. Modern vector illustration. JS translation missing: stock_vector_art 1179162245",https://media.istockphoto.com/vectors/restaurant-menu-thin-line-icons-set-starters-chef-dish-bbq-soup-beef-vector-id1179162245?k=6&m=1179162245&s=612x612&w=0&h=AxBeXPSfz35wkKKDNDDLgDKtIK-FV_G-mafnjWBy8CA=
Mexican steak with avocado and green sauce stock photo,https://media.istockphoto.com/photos/mexican-steak-with-avocado-and-green-sauce-picture-id1194753943?k=6&m=1194753943&s=612x612&w=0&h=wCPs7nnDGlCMsTgBM1DQeo1Sxyz5aqbNCtY6oCDCqhQ=
Tender sliced sous-vide beef steak in a cast iron pan stock photo,https://media.istockphoto.com/photos/tender-sliced-sousvide-beef-steak-in-a-cast-iron-pan-picture-id1055268284?k=6&m=1055268284&s=612x612&w=0&h=KsF-uRZAgBP-p91QRz6ljwJxOfeMXnwySXiZh3gAGoc=
Grilled and cut Flat Iron steak. Marble beef meat. Black background. Top view. Copy space stock photo,https://media.istockphoto.com/photos/grilled-and-cut-flat-iron-steak-marble-beef-meat-black-background-top-picture-id1252584468?k=6&m=1252584468&s=612x612&w=0&h=N2X7cAE-P1dk3UBkESPoPYcjDAWEXcTHVNUCrx9POjA=
Grilled Steak on frying pan stock photo,https://media.istockphoto.com/photos/grilled-steak-on-frying-pan-picture-id627023306?k=6&m=627023306&s=612x612&w=0&h=pIvVvFgXHetFdC51ZmhRjSfoGKZN1jyK9EU8Y3R2Cjs=
Grilled beef steaks with spices. stock photo,https://media.istockphoto.com/photos/grilled-beef-steaks-with-spices-picture-id1138471361?k=6&m=1138471361&s=612x612&w=0&h=JM4dWMObYD3GE7BdXjwwl79u0CCERjk7uFIoCnw5i74=
High Quality T-Bone Steak stock photo,https://media.istockphoto.com/photos/high-quality-tbone-steak-picture-id1057668840?k=6&m=1057668840&s=612x612&w=0&h=QmNB4X8UX8W3zw69mmP7I6wbc2z_F2nmPdykmLXGTWc=
Preparing Tomahawk Steak for Barbecue stock photo,https://media.istockphoto.com/photos/preparing-tomahawk-steak-for-barbecue-picture-id1143326158?k=6&m=1143326158&s=612x612&w=0&h=EJQWNm5nASvaHJUytyxTsCaX1PWLezribyXhHYfJnvs=
Vector beef cuts chart JS translation missing: stock_vector_art 1069152926,https://media.istockphoto.com/vectors/vector-beef-cuts-chart-vector-id1069152926?k=6&m=1069152926&s=612x612&w=0&h=PPYjPeyZ_tkU-_H6DSnFbJsMjx_iiN4T1_3jJB-q948=
Filet mignon steak with lobster tail surf and turf meal stock photo,https://media.istockphoto.com/photos/filet-mignon-steak-with-lobster-tail-surf-and-turf-meal-picture-id594065136?k=6&m=594065136&s=612x612&w=0&h=xOMRYulYZtLQr7Ce49GCp2FrTcYKxUoUU9YrMEoziZU=
Steak with mustard and green peppercorns sauce stock photo,https://media.istockphoto.com/photos/steak-with-mustard-and-green-peppercorns-sauce-picture-id1013169222?k=6&m=1013169222&s=612x612&w=0&h=6B7R4ZUrlzHV8dE7YtQOfIGcN4It7gPwQpZiMGISjcE=
Beef steak with potato stock photo,https://media.istockphoto.com/photos/beef-steak-with-potato-picture-id944026510?k=6&m=944026510&s=612x612&w=0&h=CX33CGR-XGj-Q97tY8cAFkpwreY5Q8QicBdYsXJeeiA=
Grilled and sliced tri tip steak stock photo,https://media.istockphoto.com/photos/grilled-and-sliced-tri-tip-steak-picture-id1161220792?k=6&m=1161220792&s=612x612&w=0&h=wvsGA8WbR74lxIeORepWlY2GNEhxY12ey1lG52-7cWU=
Grilled sirloin steak dinner stock photo,https://media.istockphoto.com/photos/grilled-sirloin-steak-dinner-picture-id522780961?k=6&m=522780961&s=612x612&w=0&h=wS6Diggs_bVh3_Gkp5DGmEU5NWw-5SiCS8HBNrvWCvQ=
Steaks stock photo,https://media.istockphoto.com/photos/steaks-picture-id507896539?k=6&m=507896539&s=612x612&w=0&h=X3gmBR-EIuWmo5A51f4RuplyrksOoW7-ciNcLQAugKI=
Flat Design Icon Set JS translation missing: stock_vector_art 993263662,https://media.istockphoto.com/vectors/flat-design-icon-set-vector-id993263662?k=6&m=993263662&s=612x612&w=0&h=tV-FKQAGRODJMUwWMwtQl21mEvBdt7lk6Fw1PtL_-3o=
Pork Chops With Vegetable Skewers stock photo,https://media.istockphoto.com/photos/pork-chops-with-vegetable-skewers-picture-id666699512?k=6&m=666699512&s=612x612&w=0&h=JbB6FL3OvQkgS9gQXr0_aAcPANOyZ-FxBUZ5GB1L8EU=
Big Rib Eye Beef Steak With Bite Cut Out stock photo,https://media.istockphoto.com/photos/big-rib-eye-beef-steak-with-bite-cut-out-picture-id155100186?k=6&m=155100186&s=612x612&w=0&h=MovDipWBEEK5ctKXn7N8HdOPG8Qh30cxYzAGFCzJaOk=
Sliced steak and salad isolated stock photo,https://media.istockphoto.com/photos/sliced-steak-and-salad-isolated-picture-id533995994?k=6&m=533995994&s=612x612&w=0&h=WGd8GBhsJE_Sm3bzNBDhuUdXhv3N7z0ujsur90FpnmI=
Raw rib eye steak stock photo,https://media.istockphoto.com/photos/raw-rib-eye-steak-picture-id1212718122?k=6&m=1212718122&s=612x612&w=0&h=RxLD3h_SlBSjjNPwJ8FQrATGrceHp0k-dP-QLL3erRU=
"Delicious meal on a black plate, top view, copy space. stock photo",https://media.istockphoto.com/photos/delicious-meal-on-a-black-plate-top-view-copy-space-picture-id1165399909?k=6&m=1165399909&s=612x612&w=0&h=qM-LhRdpRcrhBwvuFItHoZC-XYxG2xcX8hh42xJgWcw=
Steaks from fresh meat stock photo,https://media.istockphoto.com/photos/steaks-from-fresh-meat-picture-id981091530?k=6&m=981091530&s=612x612&w=0&h=HSWJRZTyQuVQ21eRzpsfKJ4oXVPi3Q3mkkV3239iKy0=
Variety of raw beef meat steaks for grilling with seasoning and utensils stock photo,https://media.istockphoto.com/photos/variety-of-raw-beef-meat-steaks-for-grilling-with-seasoning-and-picture-id1219721089?k=6&m=1219721089&s=612x612&w=0&h=cWt2wQqjwsc55o4dhjmLjkFup3WhUPAeeluF3zcAEvQ=
Couple eating quinoa salad and healthy dinner at restaurant stock photo,https://media.istockphoto.com/photos/couple-eating-quinoa-salad-and-healthy-dinner-at-restaurant-picture-id991829024?k=6&m=991829024&s=612x612&w=0&h=aMtGcrc9WhAKj9THAGIUxep_YFfrtPFRbdvrnV1K7K8=
Chef placing finishing touches on a meal. stock photo,https://media.istockphoto.com/photos/chef-placing-finishing-touches-on-a-meal-picture-id598223378?k=6&m=598223378&s=612x612&w=0&h=NBIYK1i38w0xfY8G3C8ubQYhGPchqpKmIaZ28Xdbc1Q=
Grilled beef fillet steaks with spices stock photo,https://media.istockphoto.com/photos/grilled-beef-fillet-steaks-with-spices-picture-id695987580?k=6&m=695987580&s=612x612&w=0&h=pnpDyPT0cDyl3sHBmmCUm9p3vArN-rRbrisg5dbyrF0=
Hot empty portable barbecue BBQ grill with flaming fire and ember charcoal on black background. Waiting for the placement of your food. Close up stock photo,https://media.istockphoto.com/photos/hot-empty-portable-barbecue-bbq-grill-with-flaming-fire-and-ember-on-picture-id1207251329?k=6&m=1207251329&s=612x612&w=0&h=li7sVy90QfHrKIXrNEcOEsCUYKXbLCWwSHqP8xe3DXI=
Empty grill with copy space stock photo,https://media.istockphoto.com/photos/empty-grill-with-copy-space-picture-id1058082232?k=6&m=1058082232&s=612x612&w=0&h=cSucEriAFf0yptV3deZuta-IjEk-MDkZHihsGZgUI9M=
Raw Organic Grass Fed Sirloin Steak stock photo,https://media.istockphoto.com/photos/raw-organic-grass-fed-sirloin-steak-picture-id587952628?k=6&m=587952628&s=612x612&w=0&h=q8cfU5-wFzTLUrazi8EFKNtxnWHuI6hPyfUutSYDFwk=
Homemade Cooked Skirt Steak with Chimichurri stock photo,https://media.istockphoto.com/photos/homemade-cooked-skirt-steak-with-chimichurri-picture-id545373166?k=6&m=545373166&s=612x612&w=0&h=rhuu1qi_i4_JXsSvEQqEqZrq7dVKKc5O6okRIGXid-k=
"Medium rare beef steak and romaine cherry tomatoes yogurt dressing salad on a light background, top view.Delicious balanced food stock photo",https://media.istockphoto.com/photos/medium-rare-beef-steak-and-romaine-cherry-tomatoes-yogurt-dressing-picture-id1221013781?k=6&m=1221013781&s=612x612&w=0&h=_JOdyqvqu__USoxb9aUHXDE7MbmCGeziYbvLdYk1XAw=
Vector sketch butchery meat chicken icons JS translation missing: stock_vector_art 925726082,https://media.istockphoto.com/vectors/vector-sketch-butchery-meat-chicken-icons-vector-id925726082?k=6&m=925726082&s=612x612&w=0&h=j_lHWeAg8KAx7dmFF_HsF7LXB-k32jZ8rxA8QBqK8jQ=
Steak stock photo,https://media.istockphoto.com/photos/steak-picture-id475463354?k=6&m=475463354&s=612x612&w=0&h=QfmDCIdbHDHeWbZBKw5QjmKUYpcvVE_ihxa55R9JFTg=
Grilled beefsteaks and vegetables stock photo,https://media.istockphoto.com/photos/grilled-beefsteaks-and-vegetables-picture-id960852864?k=6&m=960852864&s=612x612&w=0&h=QIFs6KUnIhXI5daDoVneLo_Elo4imZT6ASLavpN4miw=
Two stacked beef steaks with flames in background stock photo,https://media.istockphoto.com/photos/two-stacked-beef-steaks-with-flames-in-background-picture-id187628866?k=6&m=187628866&s=612x612&w=0&h=g1u5-xJA_8ZrR70tlDqfkgXAC5DVb88UQCg804bGWlY=
Kansas steak with fresh herb sauce and grilled vegetables stock photo,https://media.istockphoto.com/photos/kansas-steak-with-fresh-herb-sauce-and-grilled-vegetables-picture-id1159380493?k=6&m=1159380493&s=612x612&w=0&h=7v9zOKEh4HepC00cbQzIxqBZKIehI1PIhGrkwm7iKW0=
Bone Steak stock photo,https://media.istockphoto.com/photos/tbone-steak-picture-id164637611?k=6&m=164637611&s=612x612&w=0&h=GOkP181Ro99Ll-EAwIwwuoUhmN9Ng--C4_TqX1clgrk=
"Different kind of meat food icons set vector. Raw ham, set grill chiken, piece of pork, meatloaf, whole leg, beef and sausages. Salmon fish and seafood. JS translation missing: stock_vector_art 1051406302",https://media.istockphoto.com/vectors/different-kind-of-meat-food-icons-set-vector-raw-ham-set-grill-chiken-vector-id1051406302?k=6&m=1051406302&s=612x612&w=0&h=qr66LRXgfRY534jXv8B1kqwe5Co9izUSL-GQ3BYSHvc=
Raw red meat cuts stock photo,https://media.istockphoto.com/photos/raw-red-meat-cuts-picture-id1164147716?k=6&m=1164147716&s=612x612&w=0&h=l3vOLxAecncHqAS1dzNGoIj40TXJPE5ZS6UHzG9qWLg=
New York Cut Steak JS translation missing: stock_vector_art 136890734,https://media.istockphoto.com/vectors/new-york-cut-steak-vector-id136890734?k=6&m=136890734&s=612x612&w=0&h=TqQ8iUjPJO66sPks-2dwymZN5UpxESGFDIUhoG73s0w=
Grilled meat stock photo,https://media.istockphoto.com/photos/grilled-meat-picture-id185258059?k=6&m=185258059&s=612x612&w=0&h=fu2PnLzHkV2EFABwfZQDahXPyncft5HHlbaOS-l0lm8=
Grilled salmon with French fries and asparagus stock photo,https://media.istockphoto.com/photos/grilled-salmon-with-french-fries-and-asparagus-picture-id1091500222?k=6&m=1091500222&s=612x612&w=0&h=2XWLhkQ5nPo9aobreVmUhXKxi4Vc-yHwc3AzYjLpkO4=
Dinner consisting of steak and a spinach salad stock photo,https://media.istockphoto.com/photos/dinner-consisting-of-steak-and-a-spinach-salad-picture-id180742046?k=6&m=180742046&s=612x612&w=0&h=lZYETizxjDFrWM9WfytzTYwtZrYlpwbyNf7azN_c5zQ=
Steak and Cheese Sub stock photo,https://media.istockphoto.com/photos/steak-and-cheese-sub-picture-id452022555?k=6&m=452022555&s=612x612&w=0&h=CEULwdDFCEvepMmBlantMGQLpTzRCULxRduLbpjy-qo=
Strip Steak stock photo,https://media.istockphoto.com/photos/strip-steak-picture-id171262567?k=6&m=171262567&s=612x612&w=0&h=x21U7elZ3g-bLJgZncltkZXAnYPNqKn4T1BXJgRXCS8=
"Tomahawk, The Ultimate Steak stock photo",https://media.istockphoto.com/photos/tomahawk-the-ultimate-steak-picture-id504907668?k=6&m=504907668&s=612x612&w=0&h=bein1-kqSrNhU7a1-U5gUmi6bCxWMmE4LqG1bphJ3K4=
"Steak, Filet Mignon. Poster with steak silhouette JS translation missing: stock_vector_art 1147846639",https://media.istockphoto.com/vectors/steak-filet-mignon-poster-with-steak-silhouette-vector-id1147846639?k=6&m=1147846639&s=612x612&w=0&h=L3CeF5gZhGzdIXH-p6MVTu_7DfBAufTktdZV68ZEgFc=
"Beef Steak vintage label for Butcher shop. Minimal design of old label with cow, bull silhouette and stamp. Vintage sticker, label for steakhouse, barbecue, restaurant, logo. JS translation missing: stock_vector_art 1216455374",https://media.istockphoto.com/vectors/beef-steak-vintage-label-for-butcher-shop-minimal-design-of-old-label-vector-id1216455374?k=6&m=1216455374&s=612x612&w=0&h=rVK9hB1USqxsv1kO07G6Eg1jf96VjcNkOnnvZIXRGuI=
Woman Eating Meat. Closeup Of Beautiful Female Face Biting Meat stock photo,https://media.istockphoto.com/photos/woman-eating-meat-closeup-of-beautiful-female-face-biting-meat-picture-id949524660?k=6&m=949524660&s=612x612&w=0&h=iTpEkGRqnu4mQCFg-dFJZvAmAD6T-nuIeJOVD5yOjLM=
Pair of grilled marbled beef steaks stock photo,https://media.istockphoto.com/photos/pair-of-grilled-marbled-beef-steaks-picture-id1192678017?k=6&m=1192678017&s=612x612&w=0&h=xiJvZX5BkdyJzuuf0abZHA2qp0bjhmstR4W7pk3_yuY=
Fresh and raw meat. Sirloin medallions steaks stock photo,https://media.istockphoto.com/photos/fresh-and-raw-meat-sirloin-medallions-steaks-picture-id469354734?k=6&m=469354734&s=612x612&w=0&h=lVseCdzjAznDfhWHMt2kiruoqDNmpw7_N8qmqd-WO3Y=
Medium grilled steak stock photo,https://media.istockphoto.com/photos/medium-grilled-steak-picture-id642305436?k=6&m=642305436&s=612x612&w=0&h=6GRGft-fP4Z6017b5WdIC2UbYqR8FKKklJuXfW4sL2k=
Beef steaks on the grill stock photo,https://media.istockphoto.com/photos/beef-steaks-on-the-grill-picture-id531464020?k=6&m=531464020&s=612x612&w=0&h=9Pwe8m4X9-9eu4TScxVcr2Hd5P0uJghN-Q-kj3G2hNs=
Steak and sunny side up egg with seasoning stock photo,https://media.istockphoto.com/photos/steak-and-sunny-side-up-egg-with-seasoning-picture-id185245563?k=6&m=185245563&s=612x612&w=0&h=K0znkmafCkQvmkdRo7gRTRtVotdlGa9a0s-jrkZm4Xk=
"Beautifully seared tomahawk steak, medium rare to rare stock photo",https://media.istockphoto.com/photos/beautifully-seared-tomahawk-steak-medium-rare-to-rare-picture-id1145778080?k=6&m=1145778080&s=612x612&w=0&h=k46F3-gY_phlhbTQaIRQo1ONfwj1BPAkX6JnY-GH6Ok=
Juicy beef steak with spices and herbs on wooden cutting board. stock photo,https://media.istockphoto.com/photos/juicy-beef-steak-with-spices-and-herbs-on-wooden-cutting-board-picture-id1035020292?k=6&m=1035020292&s=612x612&w=0&h=3bwhcSaX5SZSFFk86dQacpG7Mfua0ks5FAz1QNrdEvM=
Variety of raw beef meat steaks for grilling with seasoning and utensils stock photo,https://media.istockphoto.com/photos/variety-of-raw-beef-meat-steaks-for-grilling-with-seasoning-and-picture-id1219722111?k=6&m=1219722111&s=612x612&w=0&h=Iiooui1Y8nDnw-eAH7XvClcNgWIVXsc8ebEss8mTSvg=
Grilled tomahawk steak beef stock photo,https://media.istockphoto.com/photos/grilled-tomahawk-steak-beef-picture-id1135530772?k=6&m=1135530772&s=612x612&w=0&h=6RAIpD0I6nCf0k0-FX0EFFxSmg1kNMHjyaLavEPZCFg=
Seared steak salad stock photo,https://media.istockphoto.com/photos/seared-steak-salad-picture-id472011278?k=6&m=472011278&s=612x612&w=0&h=W-Ju-3m7w6JscMMJwq1IHHNf3PZBG4dpsL_u9c0Hlbc=
Sliced Steak Ribeye with french fries stock photo,https://media.istockphoto.com/photos/sliced-steak-ribeye-with-french-fries-picture-id505844732?k=6&m=505844732&s=612x612&w=0&h=Fj6Eu-jMzemOsSF6Ckqb7IVjFQ-BbR0tUCvJ1HPHXYk=
Grill stock photo,https://media.istockphoto.com/photos/grill-picture-id472719534?k=6&m=472719534&s=612x612&w=0&h=Mmlr1cuSGujrkZUjT15_P7TQSJwsWDGwTi5wkepEAjg=
"Vintage hipster logo templates and 13 design elements for restaurant business. Butchery, Barbecue, Cooking Class and Restaurant emblems templates. Fork, knife, whisk, cooking icons.Vector illustration JS translation missing: stock_vector_art 1216455479",https://media.istockphoto.com/vectors/vintage-hipster-logo-templates-and-13-design-elements-for-restaurant-vector-id1216455479?k=6&m=1216455479&s=612x612&w=0&h=6emQWZpI-GUeri9pDivKBk4jsc7c6Pq5HB1NdO8NtwQ=
Steak with baked potato stock photo,https://media.istockphoto.com/photos/steak-with-baked-potato-picture-id91519864?k=6&m=91519864&s=612x612&w=0&h=Zy0lXU4lcypX_7IQy9F-AphMa1oqi1-RJr2mZkgSulg=
"Grilled bone-in pork chop, pork steak, tomahawk in spicy marinade on a flaming grill flat, close-up. stock photo",https://media.istockphoto.com/photos/grilled-bonein-pork-chop-pork-steak-tomahawk-in-spicy-marinade-on-a-picture-id1168358113?k=6&m=1168358113&s=612x612&w=0&h=QsHKgEoP8hDKdhZW0IGiGP9qmmbta3ovQiC9Szwx1Fo=
Romantic dinner for two stock photo,https://media.istockphoto.com/photos/romantic-dinner-for-two-picture-id1133287798?k=6&m=1133287798&s=612x612&w=0&h=j4uSSH5DiRixK1DxdnqJhPt4uR0YlpgypGYeilRRXWA=
Fried pork and vegetables on white background stock photo,https://media.istockphoto.com/photos/fried-pork-and-vegetables-on-white-background-picture-id1190330112?k=6&m=1190330112&s=612x612&w=0&h=nzznfAP-ClS3cYFcyrqRIqNrY9E4SEDdQTsc3F-jxOo=
Grilled steak with baked potatoes and vegetables stock photo,https://media.istockphoto.com/photos/grilled-steak-with-baked-potatoes-and-vegetables-picture-id889913376?k=6&m=889913376&s=612x612&w=0&h=vtmOtqoIFoBcPVE3rvbCvPlDyZLySOoZFglYqkgwz9E=
"Beef, cow. Poster for Butchery meat shop JS translation missing: stock_vector_art 1041697444",https://media.istockphoto.com/vectors/beef-cow-poster-for-butchery-meat-shop-vector-id1041697444?k=6&m=1041697444&s=612x612&w=0&h=21Q4t_vqww-mMaUSesoFg_IeeKxpcSGQEXv-sMUI670=
Obese male savoring grilled meat in pub stock photo,https://media.istockphoto.com/photos/obese-male-savoring-grilled-meat-in-pub-picture-id687425182?k=6&m=687425182&s=612x612&w=0&h=7wqwpg7uSzqfD5Aq8WXjOSs3F6nwdqJjJ3uQpft2fkA=
Seasoning Raw Fillet Mignon Steaks stock photo,https://media.istockphoto.com/photos/seasoning-raw-fillet-mignon-steaks-picture-id1201022522?k=6&m=1201022522&s=612x612&w=0&h=b__9lLcxREEh50cSLtmJ-bxoPVmD934uOCcjB-D4LJ0=
Florentine T-Bone Steak.Color Image stock photo,https://media.istockphoto.com/photos/florentine-tbone-steakcolor-image-picture-id154964175?k=6&m=154964175&s=612x612&w=0&h=nph5W3peGAeffUVrqy6x_CK1H7MJx4DObHNrhyOtLAw=
Homemade Chinese Pepper Steak stock photo,https://media.istockphoto.com/photos/homemade-chinese-pepper-steak-picture-id1158685397?k=6&m=1158685397&s=612x612&w=0&h=KnJUR8_vmNqXQ66Zap1Rmj9e7rjXrFKOlOte_E-uQfk=
French pepper steak with fresh vegetables and herbs stock photo,https://media.istockphoto.com/photos/french-pepper-steak-with-fresh-vegetables-and-herbs-picture-id1013169254?k=6&m=1013169254&s=612x612&w=0&h=iH9xzxi-Kxjmfker_9IlBs-uAp-TXjLCfnzbnGVZfSI=
Man eats a beef grilled steak on wooden table. Rustic style stock photo,https://media.istockphoto.com/photos/man-eats-a-beef-grilled-steak-on-wooden-table-rustic-style-picture-id657146862?k=6&m=657146862&s=612x612&w=0&h=tXi3unS7M625V-LamCQi8wAsyh_TiIaLvxfbrnprkFU=
Ribeye steak with arugula and tomatoes. stock photo,https://media.istockphoto.com/photos/ribeye-steak-with-arugula-and-tomatoes-picture-id502045796?k=6&m=502045796&s=612x612&w=0&h=9K_-2bY1ZkQFZwmqZ122dFgity3uS12Dyq_rRjMdTKA=
Various kinds of grill and bbq meats with vintage kitchen and butcher utensils stock photo,https://media.istockphoto.com/photos/various-kinds-of-grill-and-bbq-meats-with-vintage-kitchen-and-butcher-picture-id1139695229?k=6&m=1139695229&s=612x612&w=0&h=5PZjqOrm_784Wzj-U0D_7KKWAH_xL_mXrPnYacwN9sk=
Filet mignon stock photo,https://media.istockphoto.com/photos/filet-mignon-picture-id157403365?k=6&m=157403365&s=612x612&w=0&h=ex9tFIrEejTpxiqEaFcozVkjLkGRcXamSKb4yPBi6g0=
Grilled steak with salad stock photo,https://media.istockphoto.com/photos/grilled-steak-with-salad-picture-id184325172?k=6&m=184325172&s=612x612&w=0&h=zcjMiQvSQwR0NCj-hvEXtsKIcXR-zaZ_SMeyQYUVA2M=
New York Strip Steaks isolated on white stock photo,https://media.istockphoto.com/photos/new-york-strip-steaks-isolated-on-white-picture-id155357812?k=6&m=155357812&s=612x612&w=0&h=XfoVUok87zsEPKUeyk523ipq_O8nUaNiOx9zW7zElrs=
Steak medium rare beef with potato wedges stock photo,https://media.istockphoto.com/photos/steak-medium-rare-beef-with-potato-wedges-picture-id1135518361?k=6&m=1135518361&s=612x612&w=0&h=yzQ_2_i-UiR7cXd0hdu8rdGEhd8Z5Q0pMXUbNJ6THaU=
"Char-Grilled Ribeye Steak with Thyme and Rosemary with Bacon-Wrapped Jumbo Shrimp or Prawns on a Plate, Ready to Eat stock photo",https://media.istockphoto.com/photos/chargrilled-ribeye-steak-with-thyme-and-rosemary-with-baconwrapped-picture-id1214978630?k=6&m=1214978630&s=612x612&w=0&h=8LdEYlDkRrhrh1KWweX0ubOB8a9ugG-p-X33gOqOEao=
"Raw steaks frying degrees: rare, blue, medium, medium rare, medium well, well done stock photo",https://media.istockphoto.com/photos/raw-steaks-frying-degrees-rare-blue-medium-medium-rare-medium-well-picture-id941673396?k=6&m=941673396&s=612x612&w=0&h=C00mswkOzhpUVlTRjuejFnbYUfbp5Ib5q1KhEOxm7ew=
"Barbecued salmon, fried potatoes and vegetables on wooden background stock photo",https://media.istockphoto.com/photos/barbecued-salmon-fried-potatoes-and-vegetables-on-wooden-background-picture-id1214416414?k=6&m=1214416414&s=612x612&w=0&h=L29a70TYXCOTnA6E6PUqSDSNdh4ZSPUPnI_sHLouvYU=
Wagyu beef steak stock photo,https://media.istockphoto.com/photos/wagyu-beef-steak-picture-id501062569?k=6&m=501062569&s=612x612&w=0&h=QZoBKrCDZL0LIiJzKiSPNCS5odhPYVufWDmUiuDYLrc=
Steak Bite stock photo,https://media.istockphoto.com/photos/steak-bite-picture-id175498724?k=6&m=175498724&s=612x612&w=0&h=H2mQ4rZXrPWhM7iCNyutSIjvrOfbl2I9tyiYaNFbgF0=
"Vector Barbecue logo set. 5 Vintage Steak House emblems. Barbecue and Restaurant labels, emblems, logo. Steakhouse, Barbecue restaurant, Butchery and meat shop. Logo template. JS translation missing: stock_vector_art 1140944263",https://media.istockphoto.com/vectors/vector-barbecue-logo-set-5-vintage-steak-house-emblems-barbecue-and-vector-id1140944263?k=6&m=1140944263&s=612x612&w=0&h=m4VZHTUi07VAXJy5tS8l98abLGNlUNoDNYiF5SrIk2Y=
Meats and Seafood Icons JS translation missing: stock_vector_art 638363308,https://media.istockphoto.com/vectors/meats-and-seafood-icons-vector-id638363308?k=6&m=638363308&s=612x612&w=0&h=cIU-c8q5pD5pqJqg7PWSzzo1G3iL_QrrgnKp4sBGEE8=
Focus on man's hand cutting picanha meat during barbecue stock photo,https://media.istockphoto.com/photos/focus-on-mans-hand-cutting-picanha-meat-during-barbecue-picture-id1143391082?k=6&m=1143391082&s=612x612&w=0&h=WbLryukPilv4AoWMzm0xdTbhIvPUkak0gzWjLRnFGxM=
Garststufen Rindersteak dry aged prime rib eye steak Gargrade stock photo,https://media.istockphoto.com/photos/garststufen-rindersteak-dry-aged-prime-rib-eye-steak-gargrade-picture-id1095002428?k=6&m=1095002428&s=612x612&w=0&h=4R2i86XAWU68XRiTus-cdfOS62CHTp2b4LMj5WMO7Zc=
Fried ribs with vegetables JS translation missing: stock_vector_art 819218182,https://media.istockphoto.com/vectors/fried-ribs-with-vegetables-vector-id819218182?k=6&m=819218182&s=612x612&w=0&h=UPnPNvhgC8GQBlW8G2gjYKJgUcxJuIG0rC0DsKpMCp4=
Bbq Feast stock photo,https://media.istockphoto.com/photos/bbq-feast-picture-id694177316?k=6&m=694177316&s=612x612&w=0&h=HFS6zc3ZvdNnkyjkDYWYG068URRedKQlLSsM28SWNoM=
Restaurant vector icon set JS translation missing: stock_vector_art 1045029782,https://media.istockphoto.com/vectors/restaurant-vector-icon-set-vector-id1045029782?k=6&m=1045029782&s=612x612&w=0&h=MwDByh_5Z4QrpMM59XY-PwyIOoMwMSJ-s7-epAVsGsU=
Barbecue Grill Line Icons JS translation missing: stock_vector_art 829257564,https://media.istockphoto.com/vectors/barbecue-grill-line-icons-vector-id829257564?k=6&m=829257564&s=612x612&w=0&h=Va2QWWvFxD8aACNI-wBu2zAVcQzYfDAHHq5l5VpOeiU=
"Beefsteak On Barbecue Grill With Rosemary, Pepper And Salt stock photo",https://media.istockphoto.com/photos/beefsteak-on-barbecue-grill-with-rosemary-pepper-and-salt-picture-id993962118?k=6&m=993962118&s=612x612&w=0&h=YzPuYqQ0Ee2u3YKCDKZyJDDl1edyymAfLIEYjAT5jX4=
Top blade or denver steak stock photo,https://media.istockphoto.com/photos/top-blade-or-denver-steak-picture-id1133793519?k=6&m=1133793519&s=612x612&w=0&h=FleLUvCRiamVlptnRqICDreUnVwf09PtUixBx19J_Ec=
Grilled marbled meat steak stock photo,https://media.istockphoto.com/photos/grilled-marbled-meat-steak-picture-id1070675028?k=6&m=1070675028&s=612x612&w=0&h=p68Cjb3aUsBh51L3xLsY3hVFZU2bJ91T5UTyZQZAVk4=
Juicy steak medium rare beef with spices and grilled vegetables. stock photo,https://media.istockphoto.com/photos/juicy-steak-medium-rare-beef-with-spices-and-grilled-vegetables-picture-id517807922?k=6&m=517807922&s=612x612&w=0&h=jGFjDNZOX3YPWzkvdV3Q73bPkFgCD_yIvTK9zQc4kKE=
Raw Beef Chicken and Fish Isolated Top View stock photo,https://media.istockphoto.com/photos/raw-beef-chicken-and-fish-isolated-top-view-picture-id661229130?k=6&m=661229130&s=612x612&w=0&h=EgLLciUnwM9jlRgl7sq8qLGGec-9hjfiYB5WjTivOYM=
Cutting Juicy Beef Steak stock photo,https://media.istockphoto.com/photos/cutting-juicy-beef-steak-picture-id687793530?k=6&m=687793530&s=612x612&w=0&h=znNSTiJMpbE9Ckbq5uczkCt2TWcpGlVW-KUPE17Dr6Y=
Two raw chuck steak on a wooden Board on a table prepared for the grill. Top view rustic style stock photo,https://media.istockphoto.com/photos/two-raw-chuck-steak-on-a-wooden-board-on-a-table-prepared-for-the-picture-id1183350597?k=6&m=1183350597&s=612x612&w=0&h=Ly1iusEAGrHQoGzYNgWq4J0JTIG3rQdXcRcKqChJzNk=
Food & Meat vector icon JS translation missing: stock_vector_art 1126445798,https://media.istockphoto.com/vectors/food-meat-vector-icon-vector-id1126445798?k=6&m=1126445798&s=612x612&w=0&h=2ikh_TehBaqqYCuWLuYlr9Y60KtVXrnSswxlE3G-rH4=
Close up of a cutting a fillet steak food photography recipe idea stock photo,https://media.istockphoto.com/photos/close-up-of-a-cutting-a-fillet-steak-food-photography-recipe-idea-picture-id1055438342?k=6&m=1055438342&s=612x612&w=0&h=gmhoJMKh-X2Roq8Jlab2p5nqwxT-pYL8iZ0KTUBiYjI=
Big Steak stock photo,https://media.istockphoto.com/photos/big-steak-picture-id157719414?k=6&m=157719414&s=612x612&w=0&h=rU_V1icTRHMCcynGmemxd4s8csnsXJQIQYAcDvuflyU=
Empty flaming charcoal grill with open fire stock photo,https://media.istockphoto.com/photos/empty-flaming-charcoal-grill-with-open-fire-picture-id688550934?k=6&m=688550934&s=612x612&w=0&h=ozbw42bXc7iUp-j-O7fyFz4WxmiN-Li9yi_qr7msdvc=
"Plate of grilled steak with rosemary, asparagus and potato, top view stock photo",https://media.istockphoto.com/photos/plate-of-grilled-steak-with-rosemary-asparagus-and-potato-top-view-picture-id1209456971?k=6&m=1209456971&s=612x612&w=0&h=qsThhmSHL42CEXe3macnbtAQw6am1KdNsMmJedUVllQ=
"Collection of Butchery, Barbecue and Grill s, emblems, labels, badges. Set of 8 templates and 13 design elements for design. Vector templates JS translation missing: stock_vector_art 1160601062",https://media.istockphoto.com/vectors/collection-of-butchery-barbecue-and-grill-s-emblems-labels-badges-set-vector-id1160601062?k=6&m=1160601062&s=612x612&w=0&h=g80qtYaog5uBMetjM2AAsx3Z6St0Ay4AcM4L8SUaBtY=
Steam and mushrooms for a hearty feast to usher in the fall stock photo,https://media.istockphoto.com/photos/steam-and-mushrooms-for-a-hearty-feast-to-usher-in-the-fall-picture-id173588451?k=6&m=173588451&s=612x612&w=0&h=kHd9XnNoMIjBNMBkn4eIMQlg5Aqe-hM95kLow3hL0PM=
Grilled Food and Seafood - outline icon set JS translation missing: stock_vector_art 959147812,https://media.istockphoto.com/vectors/grilled-food-and-seafood-outline-icon-set-vector-id959147812?k=6&m=959147812&s=612x612&w=0&h=CN56z9AUP1d4oJRs1Azqz9-N8uuohwIZ_5ebaQzHowE=
"American food concept. Grilled pork ribs with grilled sauce, with smoke, spices and rosemary. Background image. Copy space stock photo",https://media.istockphoto.com/photos/american-food-concept-grilled-pork-ribs-with-grilled-sauce-with-smoke-picture-id1191425335?k=6&m=1191425335&s=612x612&w=0&h=bvqnQF_JkOApZ7UrZnLHVCogeVnzYpouy8M6yz3lIj0=
"Grilled beef steaks in various kinds, collection on white background stock photo",https://media.istockphoto.com/photos/grilled-beef-steaks-in-various-kinds-collection-on-white-background-picture-id871339632?k=6&m=871339632&s=612x612&w=0&h=skHftCb-L9YEi1ZWIQwGLQNwcQPkc6gTqPFiYqsYFqA=
"Barbecue, Steak house circle logo. Logo of Barbecue with fire, grill fork and spatula. Steak House logo template. Vector illustration JS translation missing: stock_vector_art 1152441951",https://media.istockphoto.com/vectors/barbecue-steak-house-circle-logo-logo-of-barbecue-with-fire-grill-vector-id1152441951?k=6&m=1152441951&s=612x612&w=0&h=9SNlZl5SWbPk_qKH8OQfU-w0ioxHrF9EHS4OSfyUqUA=
Steak stock photo,https://media.istockphoto.com/photos/steak-picture-id471575804?k=6&m=471575804&s=612x612&w=0&h=Tz00PiF6xy9APod3Xzyu3RV8QhOYuctugfqvStExo0Q=
"Raw piece of meat, beef ribs. The hand of a male chef puts salt and spices on a dark background. stock photo",https://media.istockphoto.com/photos/raw-piece-of-meat-beef-ribs-the-hand-of-a-male-chef-puts-salt-and-on-picture-id1130934477?k=6&m=1130934477&s=612x612&w=0&h=nfV1oBOp3MyaXzCgjvKMbtZNXj1HMDdzyvtSZj1znCc=
Meat Cuts - Raw Beef JS translation missing: stock_vector_art 153650031,https://media.istockphoto.com/vectors/meat-cuts-raw-beef-vector-id153650031?k=6&m=153650031&s=612x612&w=0&h=oZj3p0vyC1bJ4WUuPO6tm2NEy2UUmzNxlXBWgW59XNk=
Raw fresh beef steak on dark background stock photo,https://media.istockphoto.com/photos/raw-fresh-beef-steak-on-dark-background-picture-id821799686?k=6&m=821799686&s=612x612&w=0&h=3olLJfS19TG-DZ5lw1NOl0O3YDA2b3BiKElWv-b19Qw=
Grilled beef steak stock photo,https://media.istockphoto.com/photos/grilled-beef-steak-picture-id540233938?k=6&m=540233938&s=612x612&w=0&h=wkslSWa35kUFLTFCldoxq6PrMf7iWKsm2qXTeVQ69FI=
Restaurant Icons - Acme Series JS translation missing: stock_vector_art 183303879,https://media.istockphoto.com/vectors/restaurant-icons-acme-series-vector-id183303879?k=6&m=183303879&s=612x612&w=0&h=NDZ0bjSlUcJKpU0JsV30hx5NSHOIDS7UrQLTeS2595g=
Roasting a beef steak and vegetables on an iron grill with copy space on the table stock photo,https://media.istockphoto.com/photos/roasting-a-beef-steak-and-vegetables-on-an-iron-grill-with-copy-space-picture-id1187784621?k=6&m=1187784621&s=612x612&w=0&h=X5ojCN4jhynXv_REl8i54FwdZXOCIsNrnes2wXs2tI0=
Raw tomahawk stake stock photo,https://media.istockphoto.com/photos/raw-tomahawk-stake-picture-id1005622100?k=6&m=1005622100&s=612x612&w=0&h=q-62LKnFjw2NMRPAHyGN6lsX19VbiwnpOUwMqwHFUY0=
Grilled beefsteak with french fries stock photo,https://media.istockphoto.com/photos/grilled-beefsteak-with-french-fries-picture-id171255350?k=6&m=171255350&s=612x612&w=0&h=sfPQ9ZeSRfPZkH0hZzGvzaSdrzWxMlLkqiTmlQvqjME=
Grilled vegetables and beef steak stock photo,https://media.istockphoto.com/photos/grilled-vegetables-and-beef-steak-picture-id916064218?k=6&m=916064218&s=612x612&w=0&h=rSae7QFTQPISSU4s7zStAXJWNgk1DmziZO9qg8igtyk=
Sirloin Steaks stock photo,https://media.istockphoto.com/photos/sirloin-steaks-picture-id972839180?k=6&m=972839180&s=612x612&w=0&h=GEjmcm1E6aOfi1UZhB63P8YevsaQ7Iq3J6C0OO1wT8g=
Grilled meat and vegetables top view frame. Vector illustration. Engraved design. Hand drawn illustration. Grill restaurant menu design template. Food on the grill. JS translation missing: stock_vector_art 1149911005,https://media.istockphoto.com/vectors/grilled-meat-and-vegetables-top-view-frame-vector-illustration-hand-vector-id1149911005?k=6&m=1149911005&s=612x612&w=0&h=yJu3Ad0jLyY1y2xhyRM0DQHtg89pp083SihRyDbMRYw=
Beef steaks stock photo,https://media.istockphoto.com/photos/beef-steaks-picture-id453169607?k=6&m=453169607&s=612x612&w=0&h=bLCd0vwNL9n9g40Eq3vH8rMNrvNMqg1hTNWH6eIWWck=
Medium Rare Steak stock photo,https://media.istockphoto.com/photos/medium-rare-steak-picture-id536616025?k=6&m=536616025&s=612x612&w=0&h=ftSO4YfjiknIA1t77zGCDtuE3AA4nGBC9r9xmjpanps=
"Grilled ribeye beef steak with red wine, herbs and spices stock photo",https://media.istockphoto.com/photos/grilled-ribeye-beef-steak-with-red-wine-herbs-and-spices-picture-id638669592?k=6&m=638669592&s=612x612&w=0&h=e-8zwAcUNHOhDli7BAvMfZR70NgtdzQ6RiIAd97Gjao=
Dinner with grilled steak and wine stock photo,https://media.istockphoto.com/photos/dinner-with-grilled-steak-and-wine-picture-id477024379?k=6&m=477024379&s=612x612&w=0&h=SSLm3nDx1rb0LYXXVWY2sM-vpSE6DuKb7dl2QHBSe8Y=
"Beef steaks, baked potatoes and vegetable salad stock photo",https://media.istockphoto.com/photos/beef-steaks-baked-potatoes-and-vegetable-salad-picture-id536666148?k=6&m=536666148&s=612x612&w=0&h=8xuIEExkfDCHbODW9HLV2qsivZmUGyH9YZ37W_cVpCM=
Raw Bacon Wrapped Steak Fillets Seasoned with Salt and Pepper stock photo,https://media.istockphoto.com/photos/raw-bacon-wrapped-steak-fillets-seasoned-with-salt-and-pepper-picture-id626265294?k=6&m=626265294&s=612x612&w=0&h=2ZczkBoywaA2Ed-de4ZjaAsJTpnCnMm38axEiUywubA=
Fresh raw beef steak with spices stock photo,https://media.istockphoto.com/photos/fresh-raw-beef-steak-with-spices-picture-id503817114?k=6&m=503817114&s=612x612&w=0&h=7JmvcTXb7ECoUoDxwPaY0PqHUArNdL5-c7b1jEftQnk=
"Steak, Tomahawk. Poster with steak silhouette, text JS translation missing: stock_vector_art 1148690313",https://media.istockphoto.com/vectors/steak-tomahawk-poster-with-steak-silhouette-text-vector-id1148690313?k=6&m=1148690313&s=612x612&w=0&h=8ZfVjEgO1cZKHbDdkjWVKDmbwofu-TG8wFG0MYBp2nw=
Grilled steak with asparagus stock photo,https://media.istockphoto.com/photos/grilled-steak-with-asparagus-picture-id858120128?k=6&m=858120128&s=612x612&w=0&h=8ranml50zbaqMoN3VfWfC9CktdFaYY7mHdNdB1OyRFg=
Fish dish - grilled salmon and asparagus stock photo,https://media.istockphoto.com/photos/fish-dish-grilled-salmon-and-asparagus-picture-id913034864?k=6&m=913034864&s=612x612&w=0&h=Y3OV5yhFqf60UC6SAiJwUVGdl693hdGczjAWnMvzMfA=
"Grilled beef steak with rosemary, salt and pepper stock photo",https://media.istockphoto.com/photos/grilled-beef-steak-with-rosemary-salt-and-pepper-picture-id619755658?k=6&m=619755658&s=612x612&w=0&h=mKmM9lRxB2NJr0QevItA5Aq8wArN_z8Wr2IRGjfEzm4=
Restaurant food - beef grilled steak with french fries stock photo,https://media.istockphoto.com/photos/restaurant-food-beef-grilled-steak-with-french-fries-picture-id586366088?k=6&m=586366088&s=612x612&w=0&h=reg4qqlEkaSX7dXL3NzrDGt6DiP0yaDX2SPqhoL0c9I=
"Grilled beef steak on black cast iron plate with red wine. Background with copy space. Barbecue, bbq meat beef tenderloin. Top view, slate background stock photo",https://media.istockphoto.com/photos/grilled-beef-steak-on-black-cast-iron-plate-with-red-wine-background-picture-id1161700088?k=6&m=1161700088&s=612x612&w=0&h=aXw_v9FF5DJIhNOoF40Hd8vtt-BeYvXcEJfqpfBmg-I=
"Steak, logo, meat label. Logo with text steak restaurant, juicy steak JS translation missing: stock_vector_art 1129123905",https://media.istockphoto.com/vectors/steak-logo-meat-label-logo-with-text-steak-restaurant-juicy-steak-vector-id1129123905?k=6&m=1129123905&s=612x612&w=0&h=Wd5v7O1eSmxFEYKOchPWl7d4e2cH3fpw-iBV5I8e26M=
Grilled Steak stock photo,https://media.istockphoto.com/photos/grilled-steak-picture-id620713718?k=6&m=620713718&s=612x612&w=0&h=27NYykETA85WTPDOcwxnyC_JpstYBO_1kzy-EqAvELc=
